{"cameraMode":{"drawMode":0,"name":"Shaded","section":"Shading Mode"},"sceneLighting":false,"audioPlay":false,"sceneViewState":{"showFog":true,"showMaterialUpdate":false,"showSkybox":true,"showFlares":true,"showImageEffects":true,"showParticleSystems":true},"in2DMode":false,"pivot":{"x":8.280218124389649,"y":4.292788028717041,"z":2.518641471862793},"rotation":{"x":-0.20435869693756104,"y":-0.005289738532155752,"z":0.0011027964064851404,"w":-0.978888988494873},"size":17.853967666625978,"orthographic":false}