{"cameraMode":{"drawMode":0,"name":"Shaded","section":"Shading Mode"},"sceneLighting":false,"audioPlay":false,"sceneViewState":{"showFog":true,"showMaterialUpdate":false,"showSkybox":true,"showFlares":true,"showImageEffects":true,"showParticleSystems":true},"in2DMode":false,"pivot":{"x":-0.7412149906158447,"y":4.335010051727295,"z":-9.155414581298829},"rotation":{"x":-0.08380505442619324,"y":0.09759221971035004,"z":-0.008247452788054943,"w":-0.9916583895683289},"size":7.112689018249512,"orthographic":false}