{"cameraMode":{"drawMode":0,"name":"Shaded","section":"Shading Mode"},"sceneLighting":false,"audioPlay":false,"sceneViewState":{"showFog":true,"showMaterialUpdate":false,"showSkybox":true,"showFlares":true,"showImageEffects":true,"showParticleSystems":true},"in2DMode":false,"pivot":{"x":-105.74370574951172,"y":8.128061294555664,"z":-112.62355041503906},"rotation":{"x":-0.20435869693756104,"y":-0.005289738532155752,"z":0.0011027964064851404,"w":-0.978888988494873},"size":31.039018630981447,"orthographic":false}