{"cameraMode":{"drawMode":0,"name":"Shaded","section":"Shading Mode"},"sceneLighting":true,"audioPlay":false,"sceneViewState":{"showFog":true,"showMaterialUpdate":false,"showSkybox":true,"showFlares":true,"showImageEffects":true,"showParticleSystems":true},"in2DMode":false,"pivot":{"x":4.643894195556641,"y":0.4512310028076172,"z":16.168006896972658},"rotation":{"x":-0.15859445929527284,"y":-0.023103885352611543,"z":0.003712498350068927,"w":-0.9870746731758118},"size":58.1807861328125,"orthographic":false}