{"cameraMode":{"drawMode":0,"name":"Shaded","section":"Shading Mode"},"sceneLighting":false,"audioPlay":false,"sceneViewState":{"showFog":true,"showMaterialUpdate":false,"showSkybox":true,"showFlares":true,"showImageEffects":true,"showParticleSystems":true},"in2DMode":false,"pivot":{"x":-1.533555030822754,"y":3.4283370971679689,"z":-1.086252212524414},"rotation":{"x":-0.21462352573871613,"y":-0.1597445011138916,"z":0.035606034100055698,"w":-0.962891697883606},"size":23.724666595458986,"orthographic":false}