{"cameraMode":{"drawMode":0,"name":"Shaded","section":"Shading Mode"},"sceneLighting":false,"audioPlay":false,"sceneViewState":{"showFog":true,"showMaterialUpdate":false,"showSkybox":true,"showFlares":true,"showImageEffects":true,"showParticleSystems":true},"in2DMode":false,"pivot":{"x":3.2414591312408449,"y":24.87864875793457,"z":-6.890181541442871},"rotation":{"x":-0.006309653632342815,"y":-0.0024034136440604927,"z":0.000013407531696429942,"w":-0.9999825358390808},"size":4380.41162109375,"orthographic":false}