{"cameraMode":{"drawMode":0,"name":"Shaded","section":"Shading Mode"},"sceneLighting":false,"audioPlay":false,"sceneViewState":{"showFog":true,"showMaterialUpdate":false,"showSkybox":true,"showFlares":true,"showImageEffects":true,"showParticleSystems":true},"in2DMode":false,"pivot":{"x":-0.4369997978210449,"y":0.9520001411437988,"z":0.0},"rotation":{"x":-0.20435869693756104,"y":-0.005289738532155752,"z":0.0011027964064851404,"w":-0.978888988494873},"size":28.705533981323243,"orthographic":false}