{"cameraMode":{"drawMode":0,"name":"Shaded","section":"Shading Mode"},"sceneLighting":false,"audioPlay":false,"sceneViewState":{"showFog":true,"showMaterialUpdate":true,"showSkybox":true,"showFlares":true,"showImageEffects":true,"showParticleSystems":true},"in2DMode":false,"pivot":{"x":-5.839159965515137,"y":15.536826133728028,"z":-14.057962417602539},"rotation":{"x":-0.24760890007019044,"y":-0.06621169298887253,"z":0.016963768750429155,"w":-0.9664499163627625},"size":1081.6124267578125,"orthographic":false}