{"cameraMode":{"drawMode":0,"name":"Shaded","section":"Shading Mode"},"sceneLighting":false,"audioPlay":false,"sceneViewState":{"showFog":true,"showMaterialUpdate":false,"showSkybox":true,"showFlares":true,"showImageEffects":true,"showParticleSystems":true},"in2DMode":false,"pivot":{"x":0.8011245727539063,"y":9.820632934570313,"z":-18.205062866210939},"rotation":{"x":-0.004809442907571793,"y":0.015596176497638226,"z":-0.00007557647040812299,"w":-0.9998761415481567},"size":1.0054090023040772,"orthographic":false}