{"cameraMode":{"drawMode":0,"name":"Shaded","section":"Shading Mode"},"sceneLighting":false,"audioPlay":false,"sceneViewState":{"showFog":true,"showMaterialUpdate":false,"showSkybox":true,"showFlares":true,"showImageEffects":true,"showParticleSystems":true},"in2DMode":false,"pivot":{"x":107.47703552246094,"y":386.7658386230469,"z":-255.86256408691407},"rotation":{"x":-0.03626646846532822,"y":0.04405396804213524,"z":-0.001600209972821176,"w":-0.9983699917793274},"size":2.7412216663360597,"orthographic":false}