{"cameraMode":{"drawMode":0,"name":"Shaded","section":"Shading Mode"},"sceneLighting":false,"audioPlay":false,"sceneViewState":{"showFog":true,"showMaterialUpdate":false,"showSkybox":true,"showFlares":true,"showImageEffects":true,"showParticleSystems":true},"in2DMode":false,"pivot":{"x":-11.31644344329834,"y":49.61412048339844,"z":-88.46830749511719},"rotation":{"x":-0.20435869693756104,"y":-0.005289738532155752,"z":0.0011027964064851404,"w":-0.978888988494873},"size":5.379731178283691,"orthographic":false}