{"cameraMode":{"drawMode":0,"name":"Shaded","section":"Shading Mode"},"sceneLighting":false,"audioPlay":false,"sceneViewState":{"showFog":true,"showMaterialUpdate":true,"showSkybox":true,"showFlares":true,"showImageEffects":true,"showParticleSystems":true},"in2DMode":false,"pivot":{"x":9.280495643615723,"y":-0.8134632110595703,"z":3.2511777877807619},"rotation":{"x":0.26723095774650576,"y":0.30528759956359866,"z":-0.0906047374010086,"w":0.9094963073730469},"size":22.819232940673829,"orthographic":false}