{"cameraMode":{"drawMode":0,"name":"Shaded","section":"Shading Mode"},"sceneLighting":false,"audioPlay":false,"sceneViewState":{"showFog":true,"showMaterialUpdate":false,"showSkybox":true,"showFlares":true,"showImageEffects":true,"showParticleSystems":true},"in2DMode":false,"pivot":{"x":3.2414591312408449,"y":24.87864875793457,"z":-6.890181541442871},"rotation":{"x":0.45617547631263735,"y":0.0005317448521964252,"z":0.0002704339858610183,"w":-0.889894962310791},"size":22.0,"orthographic":false}