{"cameraMode":{"drawMode":0,"name":"Shaded","section":"Shading Mode"},"sceneLighting":false,"audioPlay":false,"sceneViewState":{"showFog":true,"showMaterialUpdate":false,"showSkybox":true,"showFlares":true,"showImageEffects":true,"showParticleSystems":true},"in2DMode":false,"pivot":{"x":7.044318199157715,"y":-0.8502559661865234,"z":62.43540954589844},"rotation":{"x":-0.07949639856815338,"y":-0.07558996230363846,"z":0.006044306792318821,"w":-0.9939542412757874},"size":93.00003814697266,"orthographic":false}