{"cameraMode":{"drawMode":0,"name":"Shaded","section":"Shading Mode"},"sceneLighting":false,"audioPlay":false,"sceneViewState":{"showFog":true,"showMaterialUpdate":true,"showSkybox":false,"showFlares":true,"showImageEffects":true,"showParticleSystems":true},"in2DMode":false,"pivot":{"x":323.3829650878906,"y":-685.67333984375,"z":1061.2064208984375},"rotation":{"x":-0.3040603995323181,"y":-0.045136988162994388,"z":0.014424379914999009,"w":-0.9514774084091187},"size":22.0,"orthographic":false}