{"cameraMode":{"drawMode":0,"name":"Shaded","section":"Shading Mode"},"sceneLighting":false,"audioPlay":false,"sceneViewState":{"showFog":true,"showMaterialUpdate":false,"showSkybox":true,"showFlares":true,"showImageEffects":true,"showParticleSystems":true},"in2DMode":false,"pivot":{"x":3.3055756092071535,"y":2.5827367305755617,"z":-2.808818817138672},"rotation":{"x":-0.1906835436820984,"y":0.06679020822048187,"z":-0.013005088083446026,"w":-0.9792906641960144},"size":6.707075119018555,"orthographic":false}