{"cameraMode":{"drawMode":0,"name":"Shaded","section":"Shading Mode"},"sceneLighting":false,"audioPlay":false,"sceneViewState":{"showFog":true,"showMaterialUpdate":false,"showSkybox":true,"showFlares":true,"showImageEffects":true,"showParticleSystems":true},"in2DMode":false,"pivot":{"x":0.0,"y":0.7304613590240479,"z":-2.1727235317230226},"rotation":{"x":-0.20875044167041779,"y":-0.011152406223118306,"z":0.0023792546708136799,"w":-0.9779082536697388},"size":48.9450569152832,"orthographic":false}