{"cameraMode":{"drawMode":0,"name":"Shaded","section":"Shading Mode"},"sceneLighting":false,"audioPlay":false,"sceneViewState":{"showFog":true,"showMaterialUpdate":false,"showSkybox":true,"showFlares":true,"showImageEffects":true,"showParticleSystems":true},"in2DMode":false,"pivot":{"x":5.121631622314453,"y":2.808133602142334,"z":-2.740082263946533},"rotation":{"x":-0.17290906608104707,"y":-0.07615381479263306,"z":0.0134104760363698,"w":-0.9818978905677795},"size":6.707075119018555,"orthographic":false}