{"cameraMode":{"drawMode":0,"name":"Shaded","section":"Shading Mode"},"sceneLighting":false,"audioPlay":false,"sceneViewState":{"showFog":true,"showMaterialUpdate":false,"showSkybox":true,"showFlares":true,"showImageEffects":true,"showParticleSystems":true},"in2DMode":false,"pivot":{"x":0.5547915697097778,"y":9.8240385055542,"z":-18.172271728515626},"rotation":{"x":-0.15219949185848237,"y":-0.015220781788229943,"z":0.002362965140491724,"w":-0.9882426857948303},"size":0.6578620672225952,"orthographic":false}