{"cameraMode":{"drawMode":0,"name":"Shaded","section":"Shading Mode"},"sceneLighting":false,"audioPlay":false,"sceneViewState":{"showFog":true,"showMaterialUpdate":false,"showSkybox":false,"showFlares":true,"showImageEffects":true,"showParticleSystems":true},"in2DMode":false,"pivot":{"x":2.6500000953674318,"y":2.1500000953674318,"z":3.130000114440918},"rotation":{"x":-0.1615987867116928,"y":0.000589745061006397,"z":-0.00009577695891493931,"w":-0.9868618249893189},"size":8.25,"orthographic":true}