{"cameraMode":{"drawMode":0,"name":"Shaded","section":"Shading Mode"},"sceneLighting":false,"audioPlay":false,"sceneViewState":{"showFog":true,"showMaterialUpdate":false,"showSkybox":false,"showFlares":true,"showImageEffects":true,"showParticleSystems":true},"in2DMode":false,"pivot":{"x":0.049988895654678348,"y":0.02400531806051731,"z":-0.09541618824005127},"rotation":{"x":0.00718993553891778,"y":-0.0069032348692417149,"z":-0.0000516027030244004,"w":-0.9999561905860901},"size":1.360628366470337,"orthographic":false}