{"cameraMode":{"drawMode":0,"name":"Shaded","section":"Shading Mode"},"sceneLighting":false,"audioPlay":false,"sceneViewState":{"showFog":true,"showMaterialUpdate":false,"showSkybox":true,"showFlares":true,"showImageEffects":true,"showParticleSystems":true},"in2DMode":false,"pivot":{"x":0.7368953824043274,"y":3.527531147003174,"z":-4.716912269592285},"rotation":{"x":-0.1543603390455246,"y":-0.10147564113140106,"z":0.01595979742705822,"w":-0.9826806783676148},"size":5.402917385101318,"orthographic":false}