{"cameraMode":{"drawMode":0,"name":"Shaded","section":"Shading Mode"},"sceneLighting":false,"audioPlay":false,"sceneViewState":{"showFog":true,"showMaterialUpdate":true,"showSkybox":true,"showFlares":true,"showImageEffects":true,"showParticleSystems":true},"in2DMode":false,"pivot":{"x":1.2778875827789307,"y":3.63618803024292,"z":-11.899486541748047},"rotation":{"x":-0.19678089022636414,"y":0.04762554168701172,"z":-0.00957102794200182,"w":-0.9792476296424866},"size":7.920107364654541,"orthographic":false}