{"cameraMode":{"drawMode":0,"name":"Shaded","section":"Shading Mode"},"sceneLighting":false,"audioPlay":false,"sceneViewState":{"showFog":true,"showMaterialUpdate":false,"showSkybox":true,"showFlares":true,"showImageEffects":true,"showParticleSystems":true},"in2DMode":false,"pivot":{"x":-2.120311737060547,"y":44.02668762207031,"z":-24.11634063720703},"rotation":{"x":0.020997334271669389,"y":-0.010497611947357655,"z":0.0002204782940680161,"w":0.9997255206108093},"size":71.97687530517578,"orthographic":false}