{"cameraMode":{"drawMode":0,"name":"Shaded","section":"Shading Mode"},"sceneLighting":false,"audioPlay":false,"sceneViewState":{"showFog":true,"showMaterialUpdate":false,"showSkybox":false,"showFlares":true,"showImageEffects":true,"showParticleSystems":true},"in2DMode":false,"pivot":{"x":-0.026921510696411134,"y":1.6956409215927125,"z":0.0},"rotation":{"x":0.011991804465651513,"y":-0.038387104868888858,"z":0.00046303743147291243,"w":0.9991821050643921},"size":4.021543979644775,"orthographic":true}