{"cameraMode":{"drawMode":0,"name":"Shaded","section":"Shading Mode"},"sceneLighting":false,"audioPlay":false,"sceneViewState":{"showFog":true,"showMaterialUpdate":false,"showSkybox":false,"showFlares":true,"showImageEffects":true,"showParticleSystems":true},"in2DMode":false,"pivot":{"x":-0.15000009536743165,"y":0.0,"z":-0.4300000071525574},"rotation":{"x":-0.18239331245422364,"y":0.06483147293329239,"z":-0.012056334875524044,"w":-0.9810170531272888},"size":6.429942607879639,"orthographic":true}