{"cameraMode":{"drawMode":0,"name":"Shaded","section":"Shading Mode"},"sceneLighting":false,"audioPlay":false,"sceneViewState":{"showFog":true,"showMaterialUpdate":false,"showSkybox":true,"showFlares":true,"showImageEffects":true,"showParticleSystems":true},"in2DMode":false,"pivot":{"x":-8.643980026245118,"y":-0.34355735778808596,"z":12.249866485595704},"rotation":{"x":-0.13652747869491578,"y":0.2431122213602066,"z":-0.034584615379571918,"w":-0.9597190618515015},"size":40.081661224365237,"orthographic":false}