{"cameraMode":{"drawMode":0,"name":"Shaded","section":"Shading Mode"},"sceneLighting":false,"audioPlay":false,"sceneViewState":{"showFog":true,"showMaterialUpdate":false,"showSkybox":false,"showFlares":true,"showImageEffects":true,"showParticleSystems":true},"in2DMode":false,"pivot":{"x":-0.4176025390625,"y":0.6837158203125,"z":-0.7109375},"rotation":{"x":-0.09574560075998306,"y":-0.5681445002555847,"z":0.06678266823291779,"w":-0.8146110773086548},"size":4.021543979644775,"orthographic":true}