{"cameraMode":{"drawMode":0,"name":"Shaded","section":"Shading Mode"},"sceneLighting":false,"audioPlay":false,"sceneViewState":{"showFog":true,"showMaterialUpdate":false,"showSkybox":true,"showFlares":true,"showImageEffects":true,"showParticleSystems":true},"in2DMode":false,"pivot":{"x":0.160630464553833,"y":2.2539119720458986,"z":-5.385171890258789},"rotation":{"x":0.3396030068397522,"y":0.005642914213240147,"z":-0.002037536120042205,"w":0.9405543208122253},"size":19.428112030029298,"orthographic":false}