{"cameraMode":{"drawMode":0,"name":"Shaded","section":"Shading Mode"},"sceneLighting":false,"audioPlay":false,"sceneViewState":{"showFog":true,"showMaterialUpdate":false,"showSkybox":true,"showFlares":true,"showImageEffects":true,"showParticleSystems":true},"in2DMode":false,"pivot":{"x":-0.07476422190666199,"y":2.2734375,"z":-1.115234375},"rotation":{"x":0.174910306930542,"y":-0.07965663075447083,"z":0.01419824082404375,"w":0.9812594056129456},"size":9.596744537353516,"orthographic":true}