{"cameraMode":{"drawMode":0,"name":"Shaded","section":"Shading Mode"},"sceneLighting":true,"audioPlay":false,"sceneViewState":{"showFog":true,"showMaterialUpdate":false,"showSkybox":true,"showFlares":true,"showImageEffects":true,"showParticleSystems":true},"in2DMode":false,"pivot":{"x":1.0556182861328126,"y":0.22083330154418946,"z":1.5763945579528809},"rotation":{"x":-0.2826913893222809,"y":0.3728567063808441,"z":-0.12038660794496536,"w":-0.875542163848877},"size":12.682740211486817,"orthographic":false}