{"cameraMode":{"drawMode":0,"name":"Shaded","section":"Shading Mode"},"sceneLighting":false,"audioPlay":false,"sceneViewState":{"showFog":true,"showMaterialUpdate":false,"showSkybox":true,"showFlares":true,"showImageEffects":true,"showParticleSystems":true},"in2DMode":false,"pivot":{"x":-0.022456258535385133,"y":-0.4994640350341797,"z":4.563961029052734},"rotation":{"x":-0.23168380558490754,"y":0.004958967678248882,"z":-0.0011819404317066074,"w":-0.9727834463119507},"size":28.4180908203125,"orthographic":false}