{"cameraMode":{"drawMode":0,"name":"Shaded","section":"Shading Mode"},"sceneLighting":false,"audioPlay":false,"sceneViewState":{"showFog":true,"showMaterialUpdate":false,"showSkybox":true,"showFlares":true,"showImageEffects":true,"showParticleSystems":true},"in2DMode":false,"pivot":{"x":-1.050526738166809,"y":5.208057403564453,"z":5.052373886108398},"rotation":{"x":0.06295273452997208,"y":-0.013472925871610642,"z":0.0008499063551425934,"w":0.9979268908500671},"size":36.792205810546878,"orthographic":false}