{"cameraMode":{"drawMode":0,"name":"Shaded","section":"Shading Mode"},"sceneLighting":false,"audioPlay":false,"sceneViewState":{"showFog":true,"showMaterialUpdate":false,"showSkybox":false,"showFlares":true,"showImageEffects":true,"showParticleSystems":true},"in2DMode":false,"pivot":{"x":-539.4615478515625,"y":-959.7701416015625,"z":0.07073426246643067},"rotation":{"x":-0.23168380558490754,"y":0.004958967678248882,"z":-0.0011819404317066074,"w":-0.9727834463119507},"size":5.324190139770508,"orthographic":false}