{"cameraMode":{"drawMode":0,"name":"Shaded","section":"Shading Mode"},"sceneLighting":false,"audioPlay":false,"sceneViewState":{"showFog":true,"showMaterialUpdate":false,"showSkybox":true,"showFlares":true,"showImageEffects":true,"showParticleSystems":true},"in2DMode":false,"pivot":{"x":0.33349609375,"y":1.28515625,"z":0.974609375},"rotation":{"x":0.29695841670036318,"y":0.0028799220453947784,"z":-0.0008448724984191358,"w":0.9549105167388916},"size":14.425302505493164,"orthographic":true}