{"cameraMode":{"drawMode":0,"name":"Shaded","section":"Shading Mode"},"sceneLighting":true,"audioPlay":false,"sceneViewState":{"showFog":true,"showMaterialUpdate":false,"showSkybox":true,"showFlares":true,"showImageEffects":true,"showParticleSystems":true},"in2DMode":false,"pivot":{"x":-3.4357638359069826,"y":1.2257742881774903,"z":-8.71146297454834},"rotation":{"x":-0.22824041545391084,"y":0.39228466153144839,"z":-0.10113386809825897,"w":-0.8853283524513245},"size":23.35866928100586,"orthographic":false}