{"cameraMode":{"drawMode":0,"name":"Shaded","section":"Shading Mode"},"sceneLighting":false,"audioPlay":false,"sceneViewState":{"showFog":true,"showMaterialUpdate":true,"showSkybox":true,"showFlares":true,"showImageEffects":true,"showParticleSystems":true},"in2DMode":false,"pivot":{"x":2.229248046875,"y":6.0478515625,"z":-6.6953125},"rotation":{"x":0.24788837134838105,"y":-0.010188724845647812,"z":0.0025362232699990274,"w":0.9687809348106384},"size":20.563030242919923,"orthographic":true}