{"cameraMode":{"drawMode":0,"name":"Shaded","section":"Shading Mode"},"sceneLighting":true,"audioPlay":false,"sceneViewState":{"showFog":true,"showMaterialUpdate":false,"showSkybox":true,"showFlares":true,"showImageEffects":true,"showParticleSystems":true},"in2DMode":false,"pivot":{"x":3.6999998092651369,"y":0.9000000357627869,"z":1.7699999809265137},"rotation":{"x":-0.09581311792135239,"y":0.13247141242027284,"z":-0.012867690064013005,"w":-0.986467719078064},"size":17.092578887939454,"orthographic":true}