{"cameraMode":{"drawMode":0,"name":"Shaded","section":"Shading Mode"},"sceneLighting":false,"audioPlay":false,"sceneViewState":{"showFog":true,"showMaterialUpdate":false,"showSkybox":true,"showFlares":true,"showImageEffects":true,"showParticleSystems":true},"in2DMode":false,"pivot":{"x":-2.8910107612609865,"y":-5.035879611968994,"z":14.377081871032715},"rotation":{"x":-0.21295428276062013,"y":0.04306979104876518,"z":-0.009396799840033055,"w":-0.9760674238204956},"size":29.43419647216797,"orthographic":false}